id;last_name
1;Ferguson
2;Abbott
3;Kelley
4;Mcbride
5;Decker
6;Glass
7;Fitzpatrick
8;Mccarthy
9;Gillespie
10;Dean
11;Sawyer
12;Livingston
13;Mcdonald
14;Terrell
15;Cabrera
16;Mills
17;Vasquez
18;Horn
19;Stout
20;Coffey
21;Trevino
22;Rivas
23;Burch
24;Mays
25;Rodgers
26;Rocha
27;Hodge
28;Mullen
29;Meyer
30;Malone
31;Tanner
32;Bautista
33;Heath
34;Khan
35;Hensley
36;Santiago
37;Baird
38;Monroe
39;Hines
40;Andrade
41;Brown
42;Morse
43;Joyce
44;Massey
45;Lin
46;Johnson
47;Miles
48;Kennedy
49;Branch
50;Horton
51;Yoder
52;Cannon
53;Briggs
54;Hansen
55;Salas
56;Gardner
57;Fowler
58;Guerra
59;Proctor
60;Schaefer
61;Kirby
62;Griffin
63;Jordan
64;Lee
65;Nolan
66;Garrison
67;Woodard
68;Soto
69;Noble
70;Griffith
71;Richmond
72;Torres
73;Stephenson
74;Short
75;Aguirre
76;Braun
77;Olsen
78;Landry
79;Reid
80;Barnes
81;Wilkinson
82;Wang
83;Cline
84;Love
85;Wu
86;Preston
87;Parrish
88;Norris
89;Krause
90;Dominguez
91;Cain
92;Daniel
93;Sosa
94;Chen
95;Barajas
96;Cruz
97;Wise
98;Finley
99;Odom
100;Ellis
101;Nguyen
102;Wall
103;Cuevas
104;Lucas
105;Berry
106;Tate
107;Merritt
108;Hudson
109;Sheppard
110;Holden
111;Walters
112;Deleon
113;Watson
114;Casey
115;Welch
116;Rich
117;Franklin
118;Gamble
119;Harrell
120;Rowe
121;Kane
122;Conrad
123;Newton
124;Grimes
125;Gregory
126;Molina
127;Odonnell
128;Powers
129;Spence
130;Rowland
131;Huff
132;Singleton
133;Wong
134;Randolph
135;Jacobson
136;Downs
137;Herrera
138;Walton
139;Roach
140;Gentry
141;Rhodes
142;Farmer
143;Garcia
144;Davies
145;Knox
146;Arroyo
147;Petty
148;Hatfield
149;Hughes
150;Solomon
151;Marquez
152;Mata
153;Hancock
154;Lutz
155;Nunez
156;Contreras
157;Wolfe
158;Gilmore
159;Parsons
160;Gibbs
161;Jones
162;Cowan
163;Singh
164;Hicks
165;Solis
166;Potter
167;Calderon
168;Buchanan
169;Bernard
170;Wade
171;Friedman
172;Gonzalez
173;Winters
174;Lambert
175;Strong
176;Fields
177;Atkinson
178;Young
179;Lyons
180;Mayer
181;Osborn
182;Berger
183;Harris
184;Herring
185;Mcdaniel
186;Graham
187;White
188;Joseph
189;Osborne
190;Compton
191;Barr
192;Bradley
193;Green
194;Hamilton
195;Giles
196;Frank
197;Little
198;Erickson
199;Chaney
200;Acosta
201;Fry
202;Ward
203;Li
204;Durham
205;Haley
206;Dixon
207;Price
208;Petersen
209;Barrett
210;Knapp
211;Guerrero
212;Mccall
213;Perez
214;Chandler
215;Chapman
216;Bird
217;Mcgrath
218;Nixon
219;Villegas
220;Ashley
221;Johnston
222;Lynch
223;Harding
224;Frost
225;Pope
226;Diaz
227;Hall
228;Powell
229;Reeves
230;Robinson
231;Ho
232;Booker
233;Cobb
234;Bowers
235;Beasley
236;Cantu
237;Wells
238;Silva
239;Benson
240;Gutierrez
241;Houston
242;Mcfarland
243;Glenn
244;Lamb
245;Alvarez
246;Hawkins
247;Mendez
248;Crawford
249;Stokes
250;Shah
251;Taylor
252;Hurst
253;Riddle
254;Strickland
255;Brady
256;Gomez
257;Dunlap
258;Camacho
259;Sampson
260;English
261;Gross
262;Logan
263;Wilkins
264;Escobar
265;Bentley
266;Trujillo
267;Donovan
268;Stephens
269;Summers
270;Nash
271;Acevedo
272;Calhoun
273;Ingram
274;Wiggins
275;Booth
276;Villa
277;Jimenez
278;Lang
279;Suarez
280;Lowe
281;Christian
282;Bullock
283;Hickman
284;Brooks
285;Hubbard
286;Todd
287;Velazquez
288;King
289;Rogers
290;Fernandez
291;Hill
292;Mcconnell
293;Burgess
294;Bright
295;Hood
296;Adkins
297;Hampton
298;Zhang
299;Jensen
300;Davenport
301;Richardson
302;Hoover
303;Morris
304;Tucker
305;Adams
306;Bradford
307;Shelton
308;Blackburn
309;Werner
310;Haynes
311;Browning
312;Kemp
313;Ray
314;Burton
315;Vang
316;Spears
317;Harrington
318;Evans
319;Gates
320;Rice
321;Duffy
322;Lawson
323;Rollins
324;Conner
325;Gordon
326;Cameron
327;Pena
328;Cox
329;Caldwell
330;Graves
331;Dickson
332;Moses
333;Howe
334;Michael
335;Anderson
336;Cohen
337;Delgado
338;Zamora
339;Leach
340;Castro
341;Espinoza
342;Banks
343;Manning
344;Swanson
345;Mcintyre
346;Sellers
347;Hurley
348;Hendricks
349;Copeland
350;Yates
351;Shepard
352;Boyer
353;Thomas
354;Sanders
355;Cook
356;Schmidt
357;Kramer
358;Douglas
359;Peterson
360;Miller
361;Cortez
362;Reyes
363;Freeman
364;Stewart
365;Pham
366;Buckley
367;Mcmahon
368;Day
369;Goodwin
370;Lane
371;Alexander
372;Holder
373;Miranda
374;Gould
375;Frey
376;Maddox
377;Prince
378;Hebert
379;Pruitt
380;Bruce
381;Hanson
382;Wallace
383;Rivers
384;Vaughn
385;Hartman
386;Mckenzie
387;Jenkins
388;Watkins
389;Sloan
390;Rubio
391;Fuller
392;Richard
393;Castaneda
394;Patrick
395;Jackson
396;Murray
397;Neal
398;Fischer
399;Maynard
400;Mooney
401;Boone
402;Valentine
403;Stuart
404;Mcintosh
405;Lewis
406;Brandt
407;Mueller
408;Pugh
409;Barber
410;Benitez
411;Nichols
412;Arellano
413;Hardy
414;Warren
415;Perry
416;Smith
417;Arias
418;Whitaker
419;Benjamin
420;Schwartz
421;Allison
422;Howard
423;Wyatt
424;Christensen
425;Costa
426;Oneal
427;Clements
428;Dorsey
429;Snyder
430;Butler
431;Whitney
432;Huynh
433;Ramirez
434;Dougherty
435;Roth
436;Flowers
437;Guzman
438;Shaffer
439;Villanueva
440;Spencer
441;Daniels
442;Clark
443;Lindsey
444;Grant
445;Ayala
446;Wagner
447;Harrison
448;Valenzuela
449;Estes
450;Hunter
451;Morgan
452;Ryan
453;Gallagher
454;Foster
455;May
456;Cooke
457;Raymond
458;Beltran
459;Haas
460;Richards
461;Campos
462;Zuniga
463;Fletcher
464;Nelson
465;Duarte
466;Mejia
467;Hardin
468;Sullivan
469;Ortega
470;Pratt
471;Schneider
472;Moody
473;Wilcox
474;Tapia
475;Williams
476;Sutton
477;Howell
478;Williamson
479;Duke
480;Oliver
481;Palmer
482;Good
483;Garza
484;Long
485;Payne
486;Shea
487;Huerta
488;Serrano
489;Carey
490;Chung
491;Stone
492;Bush
493;Padilla
494;Cochran
495;Gallegos
496;Beck
497;Stark
498;Bishop
499;Haney
500;House
501;Santana
502;Peck
503;Lawrence
504;Maxwell
505;Pittman
506;Floyd
507;Rush
508;Arnold
509;Garner
510;Mahoney
511;Weber
512;Oneill
513;Bonilla
514;Jefferson
515;Saunders
516;Fitzgerald
517;Pitts
518;Hart
519;Shepherd
520;Rosario
521;Fuentes
522;Davidson
523;Chambers
524;Walter
525;Paul
526;Mcdowell
527;Orr
528;Barron
529;Harmon
530;Norton
531;Valdez
532;Stafford
533;Lozano
534;Hogan
535;Park
536;Stanton
537;Collins
538;Bates
539;Patton
540;Macdonald
541;Clayton
542;Huber
543;Jennings
544;Flynn
545;Navarro
546;Brennan
547;Mclean
548;Byrd
549;Hess
550;Coleman
551;Middleton
552;Conway
553;Sexton
554;Higgins
555;Pearson
556;Cisneros
557;Faulkner
558;Bryan
559;Myers
560;Warner
561;Collier
562;Ford
563;Mack
564;Marks
565;Cherry
566;Baker
567;Zavala
568;Steele
569;Carr
570;Tran
571;Ballard
572;Bailey
573;Ball
574;Fox
575;Colon
576;Weaver
577;Macias
578;Duncan
579;Schmitt
580;Dickerson
581;Poole
582;Meadows
583;Barker
584;Underwood
585;Carpenter
586;Davila
587;Pennington
588;David
589;Sandoval
590;Martinez
591;Larson
592;Brewer
593;Robbins
594;Moyer
595;Hendrix
596;Kidd
597;Baldwin
598;Ayers
599;Tyler
600;Wright
601;Rojas
602;Munoz
603;Willis
604;Mathis
605;Hunt
606;Morrow
607;Thornton
608;Crosby
609;Marshall
610;Bass
611;Henderson
612;Boyd
613;Garrett
614;Montoya
615;Sherman
616;Le
617;Burns
618;Francis
619;Rios
620;Frederick
621;Bradshaw
622;Bennett
623;Small
624;Hayden
625;Buck
626;Chang
627;Rosales
628;Hays
629;Rangel
630;Rose
631;Ritter
632;Olson
633;Simon
634;Choi
635;Owens
636;Davis
637;Moreno
638;Barton
639;Rivera
640;Roy
641;Holland
642;Stevenson
643;Craig
644;Cole
645;Murillo
646;Gay
647;Hutchinson
648;Key
649;Dudley
650;Randall
651;Bean
652;Harvey
653;Lester
654;Walls
655;Mccann
656;Morales
657;Cordova
658;Dennis
659;Hahn
660;Blanchard
661;Hoffman
662;Crane
663;Irwin
664;Moore
665;Drake
666;Ibarra
667;Melton
668;Andersen
669;Mccullough
670;Ferrell
671;Weiss
672;Elliott
673;Archer
674;Hammond
675;Meyers
676;Larsen
677;Wood
678;Conley
679;Huffman
680;Matthews
681;Novak
682;Mcclure
683;Turner
684;Carlson
685;Leonard
686;Lam
687;Gilbert
688;Carter
689;Reynolds
690;Pineda
691;Carson
692;Bauer
693;Parker
694;Brock
695;Holmes
696;Hanna
697;Vincent
698;Holloway
699;Ali
700;Alvarado
701;Leon
702;Sanchez
703;Newman
704;Castillo
705;Velasquez
706;Santos
707;Montgomery
708;Cervantes
709;Reilly
710;Watts
711;Clarke
712;Mcguire
713;Farrell
714;Black
715;Fisher
716;Yu
717;Boyle
718;Becker
719;Kirk
720;Parks
721;Hodges
722;Whitehead
723;Juarez
724;Levine
725;Schroeder
726;Farley
727;Woodward
728;Hooper
729;Henson
730;Oconnor
731;Phillips
732;Robertson
733;Barnett
734;Townsend
735;Stanley
736;Mckay
737;Reed
738;Benton
739;Waller
740;Curry
741;Yang
742;Stein
743;French
744;Carroll
745;Aguilar
746;Gray
747;Roberson
748;Frye
749;Salazar
750;York
751;Blair
752;Vaughan
753;Beard
754;Hayes
755;Sparks
756;Duran
757;Everett
758;Cross
759;Ruiz
760;Koch
761;Hernandez
762;Morton
763;Hopkins
764;Riley
765;Meza
766;Travis
767;Mckee
768;Rasmussen
769;Delacruz
770;Mitchell
771;Galvan
772;Page
773;Esparza
774;Blankenship
775;Donaldson
776;Clay
777;Dodson
778;Vargas
779;Kelly
780;Case
781;Klein
782;Mercer
783;Cummings
784;Lucero
785;Mccormick
786;Mclaughlin
787;Mora
788;Krueger
789;Harper
790;Avila
791;Pace
792;Gonzales
793;Andrews
794;Greer
795;Medina
796;Roberts
797;Riggs
798;Ross
799;Mccoy
800;Montes
801;Avery
802;Lopez
803;Jacobs
804;Webster
805;Barry
806;Owen
807;Charles
808;Curtis
809;Berg
810;Woods
811;Goodman
812;Kim
813;Luna
814;Knight
815;Savage
816;Villarreal
817;Walker
818;Callahan
819;Mcneil
820;Keller
821;Mcmillan
822;Zimmerman
823;Oconnell
824;Moran
825;Ellison
826;Robles
827;Holt
828;Cardenas
829;Lloyd
830;Huang
831;Wilkerson
832;Bray
833;Dunn
834;Mercado
835;Keith
836;Levy
837;Ponce
838;Scott
839;Dillon
840;Chan
841;Campbell
842;Blake
843;Bell
844;Combs
845;Maldonado
846;Mcpherson
847;Kline
848;Ortiz
849;Obrien
850;Mullins
851;Madden
852;Ramos
853;Sanford
854;George
855;Fleming
856;Morrison
857;Baxter
858;Moss
859;Wilson
860;Dyer
861;Cooper
862;Mason
863;Dalton
864;Vega
865;Perkins
866;Greene
867;Forbes
868;Shaw
869;Schultz
870;Barrera
871;Daugherty
872;Snow
873;Thompson
874;Golden
875;Wiley
876;Liu
877;Patterson
878;Terry
879;Best
880;Leblanc
881;Jarvis
882;Johns
883;Mosley
884;Carney
885;Rodriguez
886;Mcgee
887;Humphrey
888;Weeks
889;Cunningham
890;Phelps
891;Pierce
892;Glover
893;Frazier
894;Mccarty
895;Bryant
896;Walsh
897;Velez
898;Vance
899;Bartlett
900;Shields
901;Nicholson
902;Stevens
903;Henry
904;Herman
905;Ware
906;Shannon
907;Lara
908;Melendez
909;Washington
910;Valencia
911;Franco
912;Horne
913;Ramsey
914;Wheeler
915;Bond
916;Mcclain
917;Mann
918;James
919;Bowman
920;Galloway
921;Mcknight
922;Ochoa
923;Estrada
924;Cooley
925;Allen
926;Sharp
927;Doyle
928;Salinas
929;Mayo
930;Bender
931;Russo
932;Flores
933;Kaiser
934;Norman
935;Sweeney
936;Burnett
937;Vazquez
938;Atkins
939;Armstrong
940;Mckinney
941;Waters
942;Cantrell
943;Fritz
944;Chavez
945;Lynn
946;Gaines
947;Eaton
948;Mendoza
949;Hobbs
950;Moon
951;Figueroa
952;Hull
953;Kaufman
954;Bowen
955;Ewing
956;Kent
957;Russell
958;Reese
959;Kerr
960;Simpson
961;Lowery
962;Anthony
963;Peters
964;West
965;Marsh
966;Blevins
967;Sims
968;Martin
969;Murphy
970;Hester
971;Skinner
972;Simmons
973;Orozco
974;Austin
975;Bolton
976;Hale
977;Roman
978;Carrillo
979;Pollard
980;Webb
981;Potts
982;Bridges
983;Church
984;Blackwell
985;Nielsen
986;Quinn
987;Hinton
988;Mathews
989;Pacheco
990;Gibson
991;Porter
992;Patel
993;Foley
994;Edwards
995;Romero
996;Chase
997;Gill
998;Wolf
999;Dawson
1000;Burke
